[{"title":"浅拷贝与深拷贝","date":"2019-04-16T07:30:46.000Z","path":"2019/04/16/浅拷贝与深拷贝/","tags":[]},{"title":"oh my zsh~","date":"2019-04-16T07:04:28.000Z","path":"2019/04/16/oh-my-zsh/","tags":[]},{"title":"css中的BFC","date":"2019-03-12T06:40:15.000Z","path":"2019/03/12/css中的BFC/","tags":[]},{"title":"webpack是如何打包的（vue版本为1）","date":"2018-09-10T09:27:30.000Z","path":"2018/09/10/webpack是如何打包的（vue版本为1）/","tags":[]},{"title":"vuejs介绍","date":"2018-09-07T12:24:02.000Z","path":"2018/09/07/vuejs介绍/","tags":[]},{"title":"利用github pages搭建个人博客","date":"2018-09-06T06:40:15.000Z","path":"2018/09/06/利用github-pages搭建个人博客/","tags":[]}]